#ID	FORM	REVERTED	LEMMA	UPOS	FEATS	PPM	TRANSLIT	ANNOTATION	COMMENT
143	邪胁褌芯屑芯斜懈谢褜	褜谢懈斜芯屑芯褌胁邪	邪胁褌芯屑芯斜懈谢褜	NOUN	Animacy=Inan|Case=Nom|Gender=Masc|Number=Sing	9.2	avtomobil'	邪胁褌芯+屑芯斜懈谢+褜	
193	斜邪褕泻邪	邪泻褕邪斜	斜邪褕泻邪	NOUN	Animacy=Inan|Case=Nom|Gender=Fem|Number=Sing	1.9	bashka	斜邪褕泻+邪	
199	斜械褋锌芯褉褟写泻芯胁	胁芯泻写褟褉芯锌褋械斜	斜械褋锌芯褉褟写泻懈	NOUN	Animacy=Inan|Case=Gen|Gender=Masc|Number=Plur	1.7	besporiadkov	斜械褋+锌芯+褉褟写+泻+芯胁	
174	斜谢邪谐芯写邪褉懈屑	屑懈褉邪写芯谐邪谢斜	斜谢邪谐芯写邪褉懈褌褜	VERB	Aspect=Imp|Mood=Ind|Number=Plur|Person=1|Tense=Pres|VerbForm=Fin|Voice=Act	3.9	blagodarim	斜谢邪谐芯+写邪褉+懈屑	
7	斜芯谢褜褕械	械褕褜谢芯斜	斜芯谢褜褕械	ADV	Degree=Cmp	565.4	bol'she	斜芯谢+褜+褕+械	
23	斜芯谢褜褕械	械褕褜谢芯斜	屑薪芯谐芯	ADV	Degree=Cmp	343.0	bol'she	斜芯谢+褜+褕+械	
177	斜芯谢褜褕芯屑褍	褍屑芯褕褜谢芯斜	斜芯谢褜褕芯泄	ADJ	Case=Dat|Degree=Pos|Gender=Masc|Number=Sing	3.4	bol'shomu	斜芯谢+褜+褕+芯屑褍	
28	斜褍写械屑	屑械写褍斜	斜褘褌褜	AUX	Aspect=Imp|Mood=Ind|Number=Plur|Person=1|Tense=Pres|VerbForm=Fin|Voice=Act	286.5	budem	斜褍写+械屑	
24	斜褍写褍	褍写褍斜	斜褘褌褜	AUX	Mood=Ind|Number=Sing|Person=1|Tense=Fut|VerbForm=Fin|Voice=Act	341.1	budu	斜褍写褍	
32	胁邪屑懈	懈屑邪胁	胁褘	PRON	Case=Ins|Number=Plur|Person=2|PronType=Prs	247.2	vami	胁邪屑+懈	
40	胁邪褕邪	邪褕邪胁	胁邪褕	DET	Case=Nom|Gender=Fem|Number=Sing|Poss=Yes|PronType=Prs	178.3	vasha	胁邪褕+邪	
131	胁锌褉邪胁写褍	褍写胁邪褉锌胁	胁锌褉邪胁写褍	ADV	Degree=Pos	14.5	vpravdu	胁+锌褉邪胁+写+褍	
118	胁械谢懈褔械褋褌胁芯	芯胁褌褋械褔懈谢械胁	袙械谢懈褔械褋褌胁芯	PROPN	Animacy=Inan|Case=Nom|Gender=Neut|Number=Sing	20.8	velichestvo	胁械谢+懈褔+械褋褌胁+芯	
64	胁械褉褞	褞褉械胁	胁械褉懈褌褜	VERB	Aspect=Imp|Mood=Ind|Number=Sing|Person=1|Tense=Pres|VerbForm=Fin|Voice=Act	91.9	veriu	胁械褉+褞	
22	胁懈写械谢	谢械写懈胁	胁懈写械褌褜	VERB	Aspect=Imp|Gender=Masc|Mood=Ind|Number=Sing|Tense=Past|VerbForm=Fin|Voice=Act	344.4	videl	胁懈写械谢	
162	胁懈蟹懈褌邪	邪褌懈蟹懈胁	胁懈蟹懈褌	NOUN	Animacy=Inan|Case=Gen|Gender=Masc|Number=Sing	5.6	vizita	胁懈蟹+懈褌+邪	!
35	胁芯	芯胁	胁芯	ADP		217.4	vo	胁芯	podobne jako co
18	胁芯芯斜褖械	械褖斜芯芯胁	胁芯芯斜褖械	ADV	Degree=Pos	376.9	voobshche	胁芯+芯斜褖+械	
150	胁芯褋褌芯泻械	械泻芯褌褋芯胁	袙芯褋褌芯泻	PROPN	Animacy=Inan|Case=Loc|Gender=Masc|Number=Sing	7.5	vostoke	胁芯褋+褌芯泻+械	
59	胁褋褢	褢褋胁	胁械褋褜	DET	Case=Nom|Gender=Neut|Number=Sing|PronType=Tot	104.4	vsio	胁褋+褢	
179	胁褋械屑	屑械褋胁	胁械褋褜	DET	Case=Ins|Gender=Masc|Number=Sing|PronType=Tot	3.1	vsem	胁褋+械屑	
113	胁褋械褏	褏械褋胁	胁械褋褜	DET	Case=Acc|Number=Plur|PronType=Tot	25.3	vsekh	胁褋械褏	
55	胁褋褞	褞褋胁	胁械褋褜	DET	Case=Acc|Gender=Fem|Number=Sing	117.8	vsiu	胁褋+褞	
160	谐谢褍锌	锌褍谢谐	谐谢褍锌褘泄	ADJ	Degree=Pos|Gender=Masc|Number=Sing|Variant=Short	6.0	glup	谐谢褍锌	
120	谐芯胁芯褉懈褌褋褟	褟褋褌懈褉芯胁芯谐	谐芯胁芯褉懈褌褜	VERB	Aspect=Imp|Mood=Ind|Number=Sing|Person=3|Tense=Pres|VerbForm=Fin|Voice=Pass	19.7	govoritsia	谐芯胁芯褉+懈褌+褋褟	
102	谐褉褍锌锌褘	褘锌锌褍褉谐	谐褉褍锌锌邪	NOUN	Animacy=Inan|Case=Gen|Gender=Fem|Number=Sing	33.1	gruppy	谐褉褍锌锌+褘	
37	写邪泄	泄邪写	写邪褌褜	VERB	Aspect=Perf|Mood=Imp|Number=Sing|Person=2|VerbForm=Fin|Voice=Act	200.2	dai	写邪+泄	
88	写胁褍褏	褏褍胁写	写胁邪	NUM	Case=Gen|NumType=Card	49.5	dvukh	写胁褍褏	
74	写胁械	械胁写	写胁邪	NUM	Case=Nom|Gender=Fem|NumType=Card	70.9	dve	写胁+械	
172	写械胁褍褕泻邪屑	屑邪泻褕褍胁械写	写械胁褍褕泻邪	NOUN	Animacy=Anim|Case=Dat|Gender=Fem|Number=Plur	4.2	devushkam	写械胁+褍褕泻+邪屑	!
115	写卸芯薪薪懈	懈薪薪芯卸写	袛卸芯薪薪懈	PROPN	Animacy=Anim|Case=Nom|Gender=Masc|Number=Sing	23.1	dzhonni	写卸芯薪薪+懈	!
52	写薪械泄	泄械薪写	写械薪褜	NOUN	Animacy=Inan|Case=Gen|Gender=Masc|Number=Plur	127.2	dnei	写薪+械泄	
54	写芯胁芯谢褜薪芯	芯薪褜谢芯胁芯写	写芯胁芯谢褜薪芯	ADV	Degree=Pos	121.5	dovol'no	写芯+胁芯谢+褜+薪+芯	
130	写芯斜褉芯	芯褉斜芯写	写芯斜褉芯	NOUN	Animacy=Inan|Case=Acc|Gender=Neut|Number=Sing	15.8	dobro	写芯斜褉+芯	
29	写芯泻褌芯褉	褉芯褌泻芯写	写芯泻褌芯褉	NOUN	Animacy=Anim|Case=Nom|Gender=Masc|Number=Sing	277.1	doktor	写芯泻褌芯褉	v soucasne rustine asi segmentovat nejde, aspon me nic nenapada
14	写芯谢卸薪邪	邪薪卸谢芯写	写芯谢卸械薪	ADJ	Degree=Pos|Gender=Fem|Number=Sing|Variant=Short	416.8	dolzhna	写芯谢卸+薪+邪	
117	写褉褍谐懈褏	褏懈谐褍褉写	写褉褍谐芯泄	DET	Case=Gen|Number=Plur	21.5	drugikh	写褉褍谐+懈褏	
109	写褉褍谐芯泄	泄芯谐褍褉写	写褉褍谐芯泄	ADJ	Animacy=Inan|Case=Acc|Degree=Pos|Gender=Masc|Number=Sing	28.8	drugoi	写褉褍谐+芯泄	
1	械谐芯	芯谐械	械谐芯	DET	Poss=Yes|PronType=Prs	665.6	ego	械谐芯	GRAPH_PROBLEM
3	械屑褍	褍屑械	芯薪	PRON	Case=Dat|Gender=Masc|Number=Sing|Person=3	617.6	emu	械屑褍	GRAPH_PROBLEM
182	卸邪谢褍褞褋褜	褜褋褞褍谢邪卸	卸邪谢芯胁邪褌褜褋褟	VERB	Aspect=Imp|Mood=Ind|Number=Sing|Person=1|Tense=Pres|VerbForm=Fin|Voice=Mid	2.7	zhaluius'	卸邪谢褍褞褋+褜	GRAPH_PROBLEM
145	卸邪薪	薪邪卸	袞邪薪	PROPN	Animacy=Anim|Case=Nom|Gender=Masc|Number=Sing	8.8	zhan	卸邪薪	jakypak 卸邪薪, 褋芯 to je?
99	卸写邪谢	谢邪写卸	卸写邪褌褜	VERB	Aspect=Imp|Gender=Masc|Mood=Ind|Number=Sing|Tense=Past|VerbForm=Fin|Voice=Act	35.6	zhdal	卸写邪谢	
92	卸械薪褖懈薪	薪懈褖薪械卸	卸械薪褖懈薪邪	NOUN	Animacy=Anim|Case=Gen|Gender=Fem|Number=Plur	44.7	zhenshchin	卸械薪+褖懈薪	
161	卸械褋褌芯泻芯	芯泻芯褌褋械卸	卸械褋褌芯泻芯	ADV	Degree=Pos	6.0	zhestoko	卸械褋褌芯泻+芯	
47	卸懈蟹薪懈	懈薪蟹懈卸	卸懈蟹薪褜	NOUN	Animacy=Inan|Case=Loc|Gender=Fem|Number=Sing	145.1	zhizni	卸懈+蟹薪+懈	
157	卸褍褉薪邪谢械	械谢邪薪褉褍卸	卸褍褉薪邪谢	NOUN	Animacy=Inan|Case=Loc|Gender=Masc|Number=Sing	6.5	zhurnale	卸褍褉薪邪谢+械	
148	蟹邪屑械褌懈褌	褌懈褌械屑邪蟹	蟹邪屑械褌懈褌褜	VERB	Aspect=Perf|Mood=Ind|Number=Sing|Person=3|Tense=Fut|VerbForm=Fin|Voice=Act	7.8	zametit	蟹邪+屑械褌+懈褌	
176	蟹邪褖懈褖邪褞褌	褌褞邪褖懈褖邪蟹	蟹邪褖懈褖邪褌褜	VERB	Aspect=Imp|Mood=Ind|Number=Plur|Person=3|Tense=Pres|VerbForm=Fin|Voice=Act	3.4	zashchishchaiut	蟹邪+褖懈褖+邪褞褌	
139	蟹邪泻芯薪褍	褍薪芯泻邪蟹	蟹邪泻芯薪	NOUN	Animacy=Inan|Case=Dat|Gender=Masc|Number=Sing	10.5	zakonu	蟹邪+泻芯薪+褍	da se oddelit - za-, ale nedokazu ted presne rict, jestli je v rustine neco s korenem kon stejne etimologie
164	蟹写芯褉芯胁邪	邪胁芯褉芯写蟹	蟹写芯褉芯胁褘泄	ADJ	Degree=Pos|Gender=Fem|Number=Sing|Variant=Short	5.3	zdorova	蟹写芯褉芯胁+邪	蟹+写芯褉芯胁+邪 (pochazi od *derv, ale neni to viditelne)
27	蟹薪邪褔懈褌	褌懈褔邪薪蟹	蟹薪邪褔懈褌	ADV	Degree=Pos	295.3	znachit	蟹薪邪+褔+懈褌	
110	蟹褉褟	褟褉蟹	蟹褉褟	ADV	Degree=Pos	28.3	zria	蟹褉+褟	
180	懈械褉褍褋邪谢懈屑械	械屑懈谢邪褋褍褉械懈	袠械褉褍褋邪谢懈屑	PROPN	Animacy=Inan|Case=Loc|Gender=Masc|Number=Sing	2.9	ierusalime	懈械褉褍褋+邪+谢+懈+屑械	
137	懈褋锌芯谢褜蟹褍褞	褞褍蟹褜谢芯锌褋懈	懈褋锌芯谢褜蟹芯胁邪褌褜	VERB	Aspect=Imp|Mood=Ind|Number=Sing|Person=1|Tense=Pres|VerbForm=Fin|Voice=Act	11.0	ispol'zuiu	懈褋+锌芯+谢褜蟹+褍褞	
104	泻邪泻懈械-褌芯	芯褌-械懈泻邪泻	泻邪泻芯泄-褌芯	DET	Case=Nom|Number=Plur|PronType=Ind	32.4	kakie-to	泻邪泻懈械+-+褌芯	
185	泻邪泻芯谐芯-褌芯	芯褌-芯谐芯泻邪泻	泻邪泻芯泄-褌芯	DET	Case=Gen|Gender=Neut|Number=Sing|PronType=Ind	2.5	kakogo-to	泻邪泻芯谐芯+-+褌芯	
158	泻械屑-褌芯	芯褌-屑械泻	泻褌芯-褌芯	PRON	Animacy=Anim|Case=Ins|Gender=Masc|Number=Sing	6.1	kem-to	泻械屑+-+褌芯	
98	泻芯屑锌邪薪懈褟	褟懈薪邪锌屑芯泻	泻芯屑锌邪薪懈褟	NOUN	Animacy=Inan|Case=Nom|Gender=Fem|Number=Sing	37.6	kompaniia	泻芯屑锌邪薪+懈+褟	GRAPH_PROBLEM
195	泻芯褉械薪褜	褜薪械褉芯泻	泻芯褉械薪褜	NOUN	Animacy=Inan|Case=Nom|Gender=Masc|Number=Sing	1.9	koren'	泻芯褉械薪+褜	pokud tam chceme i kamen
124	泻芯褉芯谢褟	褟谢芯褉芯泻	泻芯褉芯谢褜	NOUN	Animacy=Anim|Case=Gen|Gender=Masc|Number=Sing	18.6	korolia	泻芯褉芯谢+褟	
75	泻褉芯胁褜	褜胁芯褉泻	泻褉芯胁褜	NOUN	Animacy=Inan|Case=Nom|Gender=Fem|Number=Sing	69.0	krov'	泻褉芯胁+褜	
13	谢褞写懈	懈写褞谢	褔械谢芯胁械泻	NOUN	Animacy=Anim|Case=Nom|Gender=Masc|Number=Plur	437.4	liudi	谢褞写+懈	
147	屑邪褉懈	懈褉邪屑	袦邪褉懈	PROPN	Animacy=Anim|Case=Nom|Gender=Fem|Number=Sing	8.1	mari	屑邪褉+懈	!
141	屑薪芯谐懈屑	屑懈谐芯薪屑	屑薪芯谐芯	NUM	NumType=Card	10.3	mnogim	屑薪芯谐+懈屑	
38	屑芯谐谢邪	邪谢谐芯屑	屑芯褔褜	VERB	Aspect=Imp|Gender=Fem|Mood=Ind|Number=Sing|Tense=Past|VerbForm=Fin|Voice=Act	190.6	mogla	屑芯谐谢+邪	
33	屑芯谐谢懈	懈谢谐芯屑	屑芯褔褜	VERB	Aspect=Imp|Mood=Ind|Number=Plur|Tense=Past|VerbForm=Fin|Voice=Act	225.5	mogli	屑芯谐+谢懈	
169	薪邪写锌懈褋褜褞	褞褜褋懈锌写邪薪	薪邪写锌懈褋褜	NOUN	Animacy=Inan|Case=Ins|Gender=Fem|Number=Sing	4.5	nadpis'iu	薪邪写+锌懈褋+褜+褞	
107	薪械锌谢芯褏芯	芯褏芯谢锌械薪	薪械锌谢芯褏芯	ADV	Degree=Pos	29.7	neplokho	薪械+锌谢芯褏+芯	
5	薪械褌	褌械薪	薪械褌	VERB	Polarity=Neg	606.6	net	薪械褌	
26	薪褉邪胁懈褌褋褟	褟褋褌懈胁邪褉薪	薪褉邪胁懈褌褜褋褟	VERB	Aspect=Imp|Mood=Ind|Number=Sing|Person=3|Tense=Pres|VerbForm=Fin|Voice=Mid	314.3	nravitsia	薪褉邪胁+懈褌+褋褟	
186	芯褋屑芯褌褉械褌褜褋褟	褟褋褜褌械褉褌芯屑褋芯	芯褋屑芯褌褉械褌褜褋褟	VERB	Aspect=Perf|VerbForm=Inf|Voice=Mid	2.4	osmotret'sia	芯+褋屑芯褌褉+械+褌褜+褋褟	
111	芯褋褌邪胁谢褞	褞谢胁邪褌褋芯	芯褋褌邪胁懈褌褜	VERB	Aspect=Perf|Mood=Ind|Number=Sing|Person=1|Tense=Fut|VerbForm=Fin|Voice=Act	27.5	ostavliu	芯+褋褌邪+胁+谢+褞	
42	芯写懈薪	薪懈写芯	芯写懈薪	NUM	Case=Nom|Gender=Masc	172.1	odin	芯写懈薪	premyslim o-din (aby tam pak zapadlo jedinstvennyj apod.)
106	芯写薪懈	懈薪写芯	芯写懈薪	DET	Case=Nom|Number=Plur|PronType=Ind	30.0	odni	芯+写薪+懈	
197	芯写薪芯泄	泄芯薪写芯	芯写懈薪	DET	Case=Dat|Gender=Fem|Number=Sing	1.8	odnoi	芯写薪+芯泄	
60	芯泄	泄芯	芯泄	INTJ		101.1	oi	芯泄	
168	芯褌薪芯褋懈褕褜褋褟	褟褋褜褕懈褋芯薪褌芯	芯褌薪芯褋懈褌褜褋褟	VERB	Aspect=Imp|Mood=Ind|Number=Sing|Person=2|Tense=Pres|VerbForm=Fin|Voice=Mid	4.6	otnosish'sia	芯褌+薪芯褋+懈褕褜+褋褟	
62	芯褌褑邪	邪褑褌芯	芯褌械褑	NOUN	Animacy=Anim|Case=Gen|Gender=Masc|Number=Sing	96.5	ottsa	芯褌褑+邪	
89	锌邪褉薪褟	褟薪褉邪锌	锌邪褉械薪褜	NOUN	Animacy=Anim|Case=Gen|Gender=Masc|Number=Sing	49.1	parnia	锌邪褉+薪+褟	
200	锌械褉褜褟	褟褜褉械锌	锌械褉芯	NOUN	Animacy=Inan|Case=Nom|Gender=Neut|Number=Plur	1.7	per'ia	锌械褉+褜褟	GRAPH_PROBLEM
135	锌懈褕褍	褍褕懈锌	锌懈褋邪褌褜	VERB	Aspect=Imp|Mood=Ind|Number=Sing|Person=1|Tense=Pres|VerbForm=Fin|Voice=Act	12.5	pishu	锌懈褕+褍	
170	锌芯斜械卸写邪械褌	褌械邪写卸械斜芯锌	锌芯斜械卸写邪褌褜	VERB	Aspect=Imp|Mood=Ind|Number=Sing|Person=3|Tense=Pres|VerbForm=Fin|Voice=Act	4.5	pobezhdaet	锌芯+斜械卸写邪械褌	
6	锌芯卸邪谢褍泄褋褌邪	邪褌褋泄褍谢邪卸芯锌	锌芯卸邪谢褍泄褋褌邪	ADV	Degree=Pos	582.0	pozhaluista	锌芯+卸邪谢+褍泄+褋褌邪	
72	锌芯薪褟褌懈褟	褟懈褌褟薪芯锌	锌芯薪褟褌懈械	NOUN	Animacy=Inan|Case=Gen|Gender=Neut|Number=Sing	78.4	poniatiia	锌芯+薪褟+褌+懈+褟	GRAPH_PROBLEM
8	锌芯褋谢械	械谢褋芯锌	锌芯褋谢械	ADP		546.8	posle	锌芯褋谢械	
11	锌芯褌芯屑	屑芯褌芯锌	锌芯褌芯屑	ADV	Degree=Pos	500.7	potom	锌芯+褌+芯屑	
48	锌芯褔褌懈	懈褌褔芯锌	锌芯褔褌懈	ADV	Degree=Pos	139.1	pochti	锌芯+褔褌+懈	vyrazne lexakalizovane prislovce, segmentaci davam spis eimologickou
36	锌芯褕谢懈	懈谢褕芯锌	锌芯泄褌懈	VERB	Aspect=Perf|Mood=Ind|Number=Plur|Tense=Past|VerbForm=Fin|Voice=Act	211.6	poshli	锌芯+褕+谢+懈	!
142	锌芯写褏芯写褟褖械械	械械褖褟写芯褏写芯锌	锌芯写褏芯写褟褖懈泄	ADJ	Case=Nom|Degree=Pos|Gender=Neut|Number=Sing	9.5	podkhodiashchee	锌芯写+褏芯写+褟褖+械械	GRAPH_PROBLEM
108	锌芯谢	谢芯锌	锌芯谢	NOUN	Animacy=Inan|Case=Acc|Gender=Masc|Number=Sing	29.3	pol	锌芯谢	
184	锌芯褌	褌芯锌	锌芯褌	NOUN	Animacy=Inan|Case=Nom|Gender=Masc|Number=Sing	2.6	pot	锌芯褌	
181	锌褉邪胁懈褌械谢褜	褜谢械褌懈胁邪褉锌	锌褉邪胁懈褌械谢褜	NOUN	Animacy=Anim|Case=Nom|Gender=Masc|Number=Sing	2.8	pravitel'	锌褉邪胁+懈+褌械谢+褜	锌褉邪胁+懈+褌械谢+褟
134	锌褉械写	写械褉锌	锌褉械写	ADP		13.1	pred	锌褉械写	
114	锌褉械蟹懈写械薪褌邪	邪褌薪械写懈蟹械褉锌	锌褉械蟹懈写械薪褌	NOUN	Animacy=Anim|Case=Gen|Gender=Masc|Number=Sing	24.4	prezidenta	锌褉械+蟹懈写+械薪褌+邪	tu vubec nevim, podle latinskych korenu samozrejme delitelne, ale kdyz to rozdelim, vychazi 锌褉械写-褋械写-邪-褌械谢褜 :-)))))
189	锌褉懈屑械褉芯胁	胁芯褉械屑懈褉锌	锌褉懈屑械褉	NOUN	Animacy=Inan|Case=Gen|Gender=Masc|Number=Plur	2.1	primerov	锌褉懈+屑械褉芯胁	
53	锌褉懈褕械谢	谢械褕懈褉锌	锌褉懈泄褌懈	VERB	Aspect=Perf|Gender=Masc|Mood=Ind|Number=Sing|Tense=Past|VerbForm=Fin|Voice=Act	123.0	prishel	锌褉懈+褕械谢	
81	锌褉芯胁械褉懈褌褜	褜褌懈褉械胁芯褉锌	锌褉芯胁械褉懈褌褜	VERB	Aspect=Perf|VerbForm=Inf|Voice=Act	62.1	proverit'	锌褉芯+胁械褉+懈+褌褜	
155	锌褉芯斜谢械屑邪褏	褏邪屑械谢斜芯褉锌	锌褉芯斜谢械屑邪	NOUN	Animacy=Inan|Case=Loc|Gender=Fem|Number=Plur	6.9	problemakh	锌褉芯+斜谢械屑+邪褏	
90	锌褟褌褜	褜褌褟锌	锌褟褌褜	NUM	Case=Nom	47.6	piat'	锌褟褌+褜	
190	褉邪蟹写械谢懈谢懈褋褜	褜褋懈谢懈谢械写蟹邪褉	褉邪蟹写械谢懈褌褜褋褟	VERB	Aspect=Perf|Mood=Ind|Number=Plur|Tense=Past|VerbForm=Fin|Voice=Mid	2.0	razdelilis'	褉邪蟹+写械谢懈+谢懈褋+褜	
84	褉邪褋褋泻邪卸懈	懈卸邪泻褋褋邪褉	褉邪褋褋泻邪蟹邪褌褜	VERB	Aspect=Perf|Mood=Imp|Number=Sing|Person=2|VerbForm=Fin|Voice=Act	54.0	rasskazhi	褉邪褋+褋泻邪卸+懈	
156	褉械邪泻褑懈褞	褞懈褑泻邪械褉	褉械邪泻褑懈褟	NOUN	Animacy=Inan|Case=Acc|Gender=Fem|Number=Sing	6.8	reaktsiiu	褉械+邪泻+褑+懈+褞	
34	褉械斜褟褌邪	邪褌褟斜械褉	褉械斜褟褌邪	NOUN	Animacy=Anim|Case=Nom|Gender=Neut|Number=Plur	217.5	rebiata	褉械斜+褟褌+邪	
152	褋邪屑芯械	械芯屑邪褋	褋邪屑褘泄	ADJ	Case=Acc|Gender=Neut|Number=Sing	7.1	samoe	褋邪屑+芯械	GRAPH_PROBLEM
15	褋械斜褟	褟斜械褋	褋械斜褟	PRON	Case=Acc|PronType=Prs|Reflex=Yes	398.8	sebia	褋械斜+褟	
44	褋泻邪卸褍	褍卸邪泻褋	褋泻邪蟹邪褌褜	VERB	Aspect=Perf|Mood=Ind|Number=Sing|Person=1|Tense=Fut|VerbForm=Fin|Voice=Act	167.6	skazhu	褋泻邪卸+褍	
45	褋泻邪蟹邪谢懈	懈谢邪蟹邪泻褋	褋泻邪蟹邪褌褜	VERB	Aspect=Perf|Mood=Ind|Number=Plur|Tense=Past|VerbForm=Fin|Voice=Act	165.3	skazali	褋+泻邪蟹+邪+谢懈	
128	褋谢械胁邪	邪胁械谢褋	褋谢械胁邪	ADV	Degree=Pos	16.7	sleva	褋+谢械胁+邪	
21	褋谢褍褔懈谢芯褋褜	褜褋芯谢懈褔褍谢褋	褋谢褍褔懈褌褜褋褟	VERB	Aspect=Perf|Gender=Neut|Mood=Ind|Number=Sing|Tense=Past|VerbForm=Fin|Voice=Mid	356.5	sluchilos'	褋谢褍褔+懈+谢芯褋+褜	
103	褋屑褘褋谢邪	邪谢褋褘屑褋	褋屑褘褋谢	NOUN	Animacy=Inan|Case=Gen|Gender=Masc|Number=Sing	32.6	smysla	褋+屑褘褋谢+邪	
65	褋锌邪褋褌懈	懈褌褋邪锌褋	褋锌邪褋褌懈	VERB	Aspect=Perf|VerbForm=Inf|Voice=Act	91.8	spasti	褋+锌邪褋+褌懈	
63	褋锌褉芯褋懈谢	谢懈褋芯褉锌褋	褋锌褉芯褋懈褌褜	VERB	Aspect=Perf|Gender=Masc|Mood=Ind|Number=Sing|Tense=Past|VerbForm=Fin|Voice=Act	93.3	sprosil	褋+锌褉芯+褋懈谢	
82	褋褔械褌	褌械褔褋	褋褔械褌	NOUN	Animacy=Inan|Case=Acc|Gender=Masc|Number=Sing	62.0	schet	褋+褔械褌	
132	褋胁邪写褜斜械	械斜褜写邪胁褋	褋胁邪写褜斜邪	NOUN	Animacy=Inan|Case=Loc|Gender=Fem|Number=Sing	13.9	svad'be	褋胁邪+写+褜+斜+械	
93	褋懈谢褍	褍谢懈褋	褋懈谢邪	NOUN	Animacy=Inan|Case=Acc|Gender=Fem|Number=Sing	42.8	silu	褋懈谢+褍	
86	褋谢邪胁邪	邪胁邪谢褋	褋谢邪胁邪	NOUN	Animacy=Inan|Case=Nom|Gender=Fem|Number=Sing	53.2	slava	褋谢邪胁+邪	
91	褋谢芯胁邪	邪胁芯谢褋	褋谢芯胁芯	NOUN	Animacy=Inan|Case=Nom|Gender=Neut|Number=Plur	47.3	slova	褋谢芯胁+邪	
43	褋屑芯褌褉懈	懈褉褌芯屑褋	褋屑芯褌褉械褌褜	VERB	Aspect=Imp|Mood=Imp|Number=Sing|Person=2|VerbForm=Fin|Voice=Act	170.7	smotri	褋屑芯褌褉+懈	nenapada me nic, abych mela duvod oddelit c-, ale je to puvodne predpona (srov. motreti v jihoslovanskych jazycich)
2	褋芯	芯褋	褋	ADP		642.0	so	褋芯	
71	褋芯斜懈褉邪械褕褜褋褟	褟褋褜褕械邪褉懈斜芯褋	褋芯斜懈褉邪褌褜褋褟	VERB	Aspect=Imp|Mood=Ind|Number=Sing|Person=2|Tense=Pres|VerbForm=Fin|Voice=Mid	80.2	sobiraesh'sia	褋芯+斜懈褉+邪+械褕褜+褋褟	
188	褋芯胁械褖邪薪懈懈	懈懈薪邪褖械胁芯褋	褋芯胁械褖邪薪懈械	NOUN	Animacy=Inan|Case=Loc|Gender=Neut|Number=Sing	2.1	soveshchanii	褋芯+胁械褖+邪+薪懈+懈	GRAPH_PROBLEM
163	褋芯芯斜褖械褋褌胁芯	芯胁褌褋械褖斜芯芯褋	褋芯芯斜褖械褋褌胁芯	NOUN	Animacy=Inan|Case=Nom|Gender=Neut|Number=Sing	5.5	soobshchestvo	褋芯+芯斜褖+械褋褌胁+芯	
127	褋芯褋褌芯褟薪懈械	械懈薪褟芯褌褋芯褋	褋芯褋褌芯褟薪懈械	NOUN	Animacy=Inan|Case=Nom|Gender=Neut|Number=Sing	17.0	sostoianie	褋芯+褋褌芯+褟+薪懈+械	GRAPH_PROBLEM
146	褋芯褏褉邪薪褟褌褜	褜褌褟薪邪褉褏芯褋	褋芯褏褉邪薪褟褌褜	VERB	Aspect=Imp|VerbForm=Inf|Voice=Act	8.1	sokhraniat'	褋芯+褏褉邪薪+褟+褌褜	
122	褋褌邪褉褘械	械褘褉邪褌褋	褋褌邪褉褘泄	ADJ	Case=Nom|Degree=Pos|Number=Plur	19.3	starye	褋褌邪褉+褘械	zase, pokud tam nechci hledat IE *stat
192	褋褍泻褍	褍泻褍褋	褋褍泻邪	NOUN	Animacy=Inan|Case=Acc|Gender=Fem|Number=Sing	1.9	suku	褋褍泻+褍	
167	褋褝屑邪	邪屑褝褋	小褝屑	PROPN	Animacy=Anim|Case=Acc|Gender=Masc|Number=Sing	4.9	sema	褋褝屑+邪	卸邪薪
119	褌邪泻芯谐芯	芯谐芯泻邪褌	褌邪泻芯泄	DET	Case=Gen|Gender=Neut|Number=Sing	20.2	takogo	褌邪泻芯谐芯	
73	褌邪泻芯械	械芯泻邪褌	褌邪泻芯泄	DET	Case=Acc|Gender=Neut|Number=Sing|PronType=Dem	76.4	takoe	褌邪泻+芯械	
121	褌胁芯械泄	泄械芯胁褌	褌胁芯泄	DET	Case=Dat|Gender=Fem|Number=Sing	19.3	tvoei	褌胁+芯+械泄	
58	褌褉懈	懈褉褌	褌褉懈	NUM	Case=Nom	108.9	tri	褌褉+懈	
154	褍斜懈胁邪谢懈	懈谢邪胁懈斜褍	褍斜懈胁邪褌褜	VERB	Aspect=Imp|Mood=Ind|Number=Plur|Tense=Past|VerbForm=Fin|Voice=Act	6.9	ubivali	褍+斜懈+胁邪+谢懈	
101	褍斜懈泄褋褌胁械	械胁褌褋泄懈斜褍	褍斜懈泄褋褌胁芯	NOUN	Animacy=Inan|Case=Loc|Gender=Neut|Number=Sing	33.5	ubiistve	褍+斜懈+泄+褋褌胁+械	
97	褍斜懈泄褋褌胁芯	芯胁褌褋泄懈斜褍	褍斜懈泄褋褌胁芯	NOUN	Animacy=Inan|Case=Nom|Gender=Neut|Number=Sing	39.4	ubiistvo	褍+斜懈+泄+褋褌胁+芯	
191	褍胁械褉懈褌褜	褜褌懈褉械胁褍	褍胁械褉懈褌褜	VERB	Aspect=Perf|VerbForm=Inf|Voice=Act	2.0	uverit'	褍+胁械褉+懈+褌褜	
140	褍谐褉芯卸邪械褌	褌械邪卸芯褉谐褍	褍谐褉芯卸邪褌褜	VERB	Aspect=Imp|Mood=Ind|Number=Sing|Person=3|Tense=Pres|VerbForm=Fin|Voice=Act	10.4	ugrozhaet	褍谐褉+芯卸+邪械褌	
194	褍褌械褕械薪懈械	械懈薪械褕械褌褍	褍褌械褕械薪懈械	NOUN	Animacy=Inan|Case=Acc|Gender=Neut|Number=Sing	1.9	uteshenie	褍+褌械褕+械薪+懈+械	
50	褍褌褉芯屑	屑芯褉褌褍	褍褌褉芯	NOUN	Animacy=Inan|Case=Ins|Gender=Neut|Number=Sing	134.8	utrom	褍褌褉+芯屑	
112	褎懈谢褜屑	屑褜谢懈褎	褎懈谢褜屑	NOUN	Animacy=Inan|Case=Acc|Gender=Masc|Number=Sing	27.0	fil'm	褎懈谢+褜屑	
4	褔械屑	屑械褔	褔械屑	SCONJ		606.8	chem	褔械屑	
41	褔褢屑	屑褢褔	褔褌芯	PRON	Case=Loc|PronType=Int|PronType=Rel	176.5	chiom	褔褢屑	
78	褔褌芯-薪懈斜褍写褜	褜写褍斜懈薪-芯褌褔	褔褌芯-薪懈斜褍写褜	PRON	Case=Nom|PronType=Ind	67.3	chto-nibud'	褔褌芯+-+薪懈+斜褍写+褜	
49	褔邪褋芯胁	胁芯褋邪褔	褔邪褋	NOUN	Animacy=Inan|Case=Gen|Gender=Masc|Number=Plur	137.3	chasov	褔邪褋+芯胁	
12	褔械褉械蟹	蟹械褉械褔	褔械褉械蟹	ADP		492.0	cherez	褔械褉械蟹	
95	褔械褌褘褉械	械褉褘褌械褔	褔械褌褘褉械	NUM	Case=Nom	41.7	chetyre	褔械褌褘褉+械	
51	褝褌邪	邪褌褝	褝褌芯褌	DET	Case=Nom|Gender=Fem|Number=Sing	130.5	eta	褝褌+邪	
9	褝褌芯屑	屑芯褌褝	褝褌芯	PRON	Animacy=Inan|Case=Loc|Gender=Neut|Number=Sing|PronType=Dem	530.7	etom	褝褌+芯屑	
100	褝褌芯屑褍	褍屑芯褌褝	褝褌芯	PRON	Animacy=Inan|Case=Dat|Gender=Neut|Number=Sing	34.2	etomu	褝褌+芯屑褍	
173	褝泻芯薪芯屑懈褔械褋泻懈械	械懈泻褋械褔懈屑芯薪芯泻褝	褝泻芯薪芯屑懈褔械褋泻懈泄	ADJ	Animacy=Inan|Case=Acc|Degree=Pos|Number=Plur	4.1	ekonomicheskie	褝泻芯+薪芯屑+懈褔+械褋泻+懈+械	
